{"timeMatrix":[[0,71,93,2,135,87,72,0],[71,0,62,69,88,116,104,71],[93,62,0,91,43,79,74,93],[2,69,91,0,133,87,71,2],[135,88,43,133,0,114,113,135],[87,116,79,87,114,0,16,87],[72,104,74,71,113,16,0,72],[0,71,93,2,135,87,72,0]],"distanceMatrix":[[0,47.659758393515034,61.70672573634887,1.3943952788791512,89.6826125214598,58.26937344242223,47.790386660285435,0],[47.659758393515034,0,41.10448997277774,46.30168394804551,58.85248736460483,77.6234795594516,69.55960341463313,47.659758393515034],[61.70672573634887,41.10448997277774,0,60.48875617512594,28.717542103614786,52.65897643392751,49.46769876470692,61.70672573634887],[1.3943952788791512,46.30168394804551,60.48875617512594,0,88.40884548834376,58.06252048220938,47.58378611744638,1.3943952788791512],[89.6826125214598,58.85248736460483,28.717542103614786,88.40884548834376,0,75.76867824956159,75.07846847003587,89.6826125214598],[58.26937344242223,77.6234795594516,52.65897643392751,58.06252048220938,75.76867824956159,0,10.479852683619985,58.26937344242223],[47.790386660285435,69.55960341463313,49.46769876470692,47.58378611744638,75.07846847003587,10.479852683619985,0,47.790386660285435],[0,47.659758393515034,61.70672573634887,1.3943952788791512,89.6826125214598,58.26937344242223,47.790386660285435,0]]}