{"timeMatrix":[[0,97,98,123,38,81,72,0],[97,0,33,44,59,16,25,97],[98,33,0,25,62,37,39,98],[123,44,25,0,86,54,60,123],[38,59,62,86,0,43,34,38],[81,16,37,54,43,0,9,81],[72,25,39,60,34,9,0,72],[0,97,98,123,38,81,72,0]],"distanceMatrix":[[0,64.57734304523012,65.52240330106063,81.87391122905765,25.560090977957483,54.10007253107662,47.859035358040124,0],[64.57734304523012,0,21.883091416241353,29.14707276878084,39.17138774649722,10.582690121927342,16.720059028667,64.57734304523012],[65.52240330106063,21.883091416241353,0,16.38230134581743,41.26782344741146,24.335193981945153,25.97907221665342,65.52240330106063],[81.87391122905765,29.14707276878084,16.38230134581743,0,57.357622059113446,36.141587979909175,39.69067028618528,81.87391122905765],[25.560090977957483,39.17138774649722,41.26782344741146,57.357622059113446,0,28.83469933452654,22.517864305123712,25.560090977957483],[54.10007253107662,10.582690121927342,24.335193981945153,36.141587979909175,28.83469933452654,0,6.332290554974446,54.10007253107662],[47.859035358040124,16.720059028667,25.97907221665342,39.69067028618528,22.517864305123712,6.332290554974446,0,47.859035358040124],[0,64.57734304523012,65.52240330106063,81.87391122905765,25.560090977957483,54.10007253107662,47.859035358040124,0]]}