{"timeMatrix":[[0,30,27,36,39,19,41,0],[30,0,18,29,12,35,12,30],[27,18,0,12,18,21,28,27],[36,29,12,0,25,24,37,36],[39,12,18,25,0,39,13,39],[19,35,21,24,39,0,46,19],[41,12,28,37,13,46,0,41],[0,30,27,36,39,19,41,0]],"distanceMatrix":[[0,19.911996282601887,18.27505910753507,24.035065787349954,25.991496889943896,12.535601088887594,27.152884304628586,0],[19.911996282601887,0,11.91619065416638,19.432770090968102,7.830553281760602,23.001500326658714,7.7126352090081784,19.911996282601887],[18.27505910753507,11.91619065416638,0,8.045985197576893,11.78658598625381,14.269944192895716,18.455882196350185,18.27505910753507],[24.035065787349954,19.432770090968102,8.045985197576893,0,16.79798248494693,15.67398578402149,24.964075270359697,24.035065787349954],[25.991496889943896,7.830553281760602,11.78658598625381,16.79798248494693,0,25.710557577514678,8.846890947878807,25.991496889943896],[12.535601088887594,23.001500326658714,14.269944192895716,15.67398578402149,25.710557577514678,0,30.63796539016686,12.535601088887594],[27.152884304628586,7.7126352090081784,18.455882196350185,24.964075270359697,8.846890947878807,30.63796539016686,0,27.152884304628586],[0,19.911996282601887,18.27505910753507,24.035065787349954,25.991496889943896,12.535601088887594,27.152884304628586,0]]}