{"timeMatrix":[[0,28,24,140,184,24,84,0],[28,0,47,114,157,19,57,28],[24,47,0,151,196,33,102,24],[140,114,151,0,47,118,68,140],[184,157,196,47,0,163,104,184],[24,19,33,118,163,0,69,24],[84,57,102,68,104,69,0,84],[0,28,24,140,184,24,84,0]],"distanceMatrix":[[0,18.441143191756247,16.135889621099963,93.3473652466103,122.51668138369973,16.291811918103267,56.09604888965419,0],[18.441143191756247,0,31.192560483653857,75.92470079602306,104.48358007909707,12.569006770846523,37.70131328025607,18.441143191756247],[16.135889621099963,31.192560483653857,0,100.40850503631728,130.78208273422345,22.3001170359703,67.97320370971984,16.135889621099963],[93.3473652466103,75.92470079602306,100.40850503631728,0,31.277279728581696,78.83855689106755,45.29010794810613,93.3473652466103],[122.51668138369973,104.48358007909707,130.78208273422345,31.277279728581696,0,108.83231587217729,69.6204041226215,122.51668138369973],[16.291811918103267,12.569006770846523,22.3001170359703,78.83855689106755,108.83231587217729,0,46.08665513407004,16.291811918103267],[56.09604888965419,37.70131328025607,67.97320370971984,45.29010794810613,69.6204041226215,46.08665513407004,0,56.09604888965419],[0,18.441143191756247,16.135889621099963,93.3473652466103,122.51668138369973,16.291811918103267,56.09604888965419,0]]}