{"timeMatrix":[[0,78,38,92,123,5,36,0],[78,0,83,57,125,75,47,78],[38,83,0,71,86,34,38,38],[92,57,71,0,70,87,58,92],[123,125,86,70,0,118,104,123],[5,75,34,87,118,0,32,5],[36,47,38,58,104,32,0,36],[0,78,38,92,123,5,36,0]],"distanceMatrix":[[0,51.9780559201708,25.470395306149936,61.23460596456865,82.11782471141625,3.492273434827117,24.174945256604303,0],[51.9780559201708,0,55.6605158165074,38.06051086279547,83.07078658242615,49.85939826629898,31.04009913003457,51.9780559201708],[25.470395306149936,55.6605158165074,0,47.37803992074665,57.43190522871798,22.637674079224002,25.62319388630453,25.470395306149936],[61.23460596456865,38.06051086279547,47.37803992074665,0,46.91753849297381,57.835876424769545,38.52965225957225,61.23460596456865],[82.11782471141625,83.07078658242615,57.43190522871798,46.91753849297381,0,78.8803170150716,69.18701649264432,82.11782471141625],[3.492273434827117,49.85939826629898,22.637674079224002,57.835876424769545,78.8803170150716,0,21.176682065913514,3.492273434827117],[24.174945256604303,31.04009913003457,25.62319388630453,38.52965225957225,69.18701649264432,21.176682065913514,0,24.174945256604303],[0,51.9780559201708,25.470395306149936,61.23460596456865,82.11782471141625,3.492273434827117,24.174945256604303,0]]}